{
  "project_info": {
    "project_number": "247363335684",
    "firebase_url": "https://to-do-list-cc519.firebaseio.com",
    "project_id": "to-do-list-cc519",
    "storage_bucket": "to-do-list-cc519.appspot.com"
  },
  "client": [
    {
      "client_info": {
        "mobilesdk_app_id": "1:247363335684:android:3628c984e0c97f8a",
        "android_client_info": {
          "package_name": "com.example.todolist"
        }
      },
      "oauth_client": [
        {
          "client_id": "247363335684-ki0258pet93nn7avit42rm9om6vedafm.apps.googleusercontent.com",
          "client_type": 1,
          "android_info": {
            "package_name": "com.example.todolist",
            "certificate_hash": "2a525d14d1de15ed6dc24de07ccf081e813df70b"
          }
        },
        {
          "client_id": "247363335684-bamhio6akjr4fu5m9u560jbgm7v69n0j.apps.googleusercontent.com",
          "client_type": 3
        }
      ],
      "api_key": [
        {
          "current_key": "AIzaSyDp5ObibyRijj1mtlGNKGIYsVNto_3Gqvw"
        }
      ],
      "services": {
        "appinvite_service": {
          "other_platform_oauth_client": [
            {
              "client_id": "247363335684-bamhio6akjr4fu5m9u560jbgm7v69n0j.apps.googleusercontent.com",
              "client_type": 3
            }
          ]
        }
      }
    }
  ],
  "configuration_version": "1"
}